순위,국가,달러,
1, 룩셈부르크,"131,300",
2, 아일랜드,"102,390",
3, 스위스,"93,515",
4, 노르웨이,"82,244",
5, 미국,"69,375",
6, 아이슬란드,"68,843",
7, 덴마크,"67,919",
8, 싱가포르,"66,263",
9, 오스트레일리아,"62,618",
10, 카타르,"61,790",
11, 스웨덴,"58,639",
12, 네덜란드,"57,714",
13, 오스트리아,"53,793",
14, 핀란드,"54,522",
15, 캐나다,"52,791",
16, 산마리노,"50,934",
17, 독일,"50,787",
18, 벨기에,"50,412",
19, 이스라엘,"49,840",
—, 홍콩,"49,485",
20, 뉴질랜드,"48,348",
21, 영국,"46,200",
22, 프랑스,"45,028",
23, 아랍에미리트,43.537,
—, 마카오,"42,106",
24, 일본,"40,704",
25, 대한민국,"36,790",
26, 이탈리아,"35,584",
27, 바하마,"33,261",
—, 푸에르토리코,"31,538",
28, 몰타,"30,650",
29, 중화민국,"29,978",
30, 스페인,"29,961",
31, 쿠웨이트,"29,267",
32, 브루나이,"27,871",
33, 키프로스,"27,720",
34, 슬로베니아,"26,170",
35, 바레인,"25,273",
36, 세인트키츠 네비스,"23,550",
37, 에스토니아,"23,524",
38, 체코,"23,214",
39, 포르투갈,"23,031",
40, 사우디아라비아,"22,865",
41, 그리스,"19,974",
42, 슬로바키아,"19,548",
43, 리투아니아,"19,267",
44, 라트비아,"18,172",
45, 앤티가 바부다,"18,109",
46, 바베이도스,"18,069",
47, 오만,"17,791",
48, 헝가리,"17,463",
49, 세이셸,"17,052",
50, 우루과이,"17,029",
51, 팔라우,"16,736",
52, 트리니다드 토바고,"16,366",
53, 파나마,"16,245",
54, 몰디브,"15,563",
55, 칠레,"15,399",
56, 크로아티아,"14,950",
57, 폴란드,"14,902",
58, 루마니아,"12,483",
59, 코스타리카,"12,015",
60, 그레나다,"11,381",
61, 모리셔스,"11,361",
62, 러시아,"11,163",
63, 말레이시아,"11,137",
64, 세인트루시아,"11,076",
65, 멕시코,"10,118",
66, 중국,"10,099",
67, 아르헨티나,"9,888",
68, 레바논,"9,655",
69, 불가리아,"9,518",
70, 카자흐스탄,"9,139",
71, 튀르키예,"8,958",
72, 적도 기니,"8,927",
73, 브라질,"8,797",
74, 몬테네그로,"8,704",
75, 도미니카 공화국,"8,629",
76, 도미니카 연방,"8,381",
77, 나우루,"8,270",
78, 가봉,"8,112",
79, 보츠와나,"7,859",
80, 투르크메니스탄,"7,816",
81, 태국,"7,792",
82, 세인트빈센트 그레나딘,"7,751",
83, 세르비아,"7,398",
84, 페루,"7,047",
85, 벨라루스,"6,604",
86, 콜롬비아,"6,508",
87, 피지,"6,380",
88, 수리남,"6,311",
89, 에콰도르,"6,249",
90, 남아프리카 공화국,"6,100",
91, 북마케도니아,"6,096",
92, 나미비아,"5,842",
93, 보스니아 헤르체고비나,"5,742",
94, 이라크,"5,738",
95, 파라과이,"5,692",
96, 이란,"5,506",
97, 자메이카,"5,461",
98, 알바니아,"5,373",
99, 가이아나,"5,252",
100, 리비아,"5,020",
101, 벨리즈,"4,925",
102, 통가,"4,862",
103, 아제르바이잔,"4,689",
104, 과테말라,"4,617",
105, 아르메니아,"4,528",
106, 사모아,"4,501",
107, 코소보,"4,442",
108, 요르단,"4,387",
109, 조지아,"4,289",
110, 에스와티니,"4,177",
111, 인도네시아,"4,164",
112, 몽골,"4,133",
113, 엘살바도르,"4,008",
114, 알제리,"3,980",
115, 스리랑카,"3,947",
116, 마셜 제도,"3,925",
117, 투발루,"3,835",
118, 미크로네시아 연방,"3,718",
119, 볼리비아,"3,671",
120, 카보베르데,"3,599",
121, 우크라이나,"3,592",
122, 부탄,"3,423",
123, 모로코,"3,345",
124, 몰도바,"3,300",
125, 필리핀,"3,294",
126, 튀니지,"3,287",
127, 바누아투,"3,260",
128, 이집트,"3,047",
129, 앙골라,"3,038",
130, 지부티,"2,936",
131, 파푸아뉴기니,"2,742",
132, 베트남,"2,740",
133, 라오스,"2,670",
134, 베네수엘라,"2,548",
134, 온두라스,"2,548",
136, 콩고 공화국,"2,534",
137, 동티모르,"2,263",
138, 솔로몬 제도,"2,247",
139, 가나,"2,223",
140, 나이지리아,"2,222",
141, 인도,"2,172",
142, 케냐,"1,998",
143, 상투메 프린시페,"1,933",
144, 니카라과,"1,919",
145, 방글라데시,"1,906",
146, 우즈베키스탄,"1,832",
147, 코트디부아르,"1,691",
148, 캄보디아,"1,621",
149, 키리바시,"1,575",
150, 카메룬,"1,515",
151, 세네갈,"1,428",
152, 모리타니,"1,392",
153, 파키스탄,"1,388",
154, 코모로,"1,350",
155, 레소토,"1,339",
156, 잠비아,"1,307",
157, 키르기스스탄,"1,293",
158, 미얀마,"1,245",
159, 베냉,"1,217",
160, 탄자니아,"1,105",
161, 네팔,"1,048",
162, 기니,981,
163, 에티오피아,953,
164, 예멘,943,
165, 말리,924,
166, 타지키스탄,877,
167, 차드,861,
168, 짐바브웨,860,
169, 르완다,825,
170, 기니비사우,786,
171, 아이티,784,
172, 우간다,770,
173, 감비아,755,
174, 부르키나파소,718,
175, 수단,714,
176, 라이베리아,704,
177, 토고,671,
178, 시에라리온,547,
179, 아프가니스탄,513,
180, 콩고 민주 공화국,501,
181, 모잠비크,484,
182, 마다가스카르,464,
183, 중앙아프리카 공화국,448,
184, 니제르,405,
185, 말라위,371,
186, 에리트레아,343,
187, 부룬디,310,
188, 남수단,275,
,,0,
—, 모나코 (2017),"166,726",
—, 리히텐슈타인 (2016),"165,028",
1, 룩셈부르크,"114,340",
—, 마카오,"86,355",
—, 버뮤다 (2013),"85,748",
2, 스위스,"82,838",
3, 노르웨이,"81,807",
—, 맨섬 (2016),"79,155",
4, 아일랜드,"77,449",
—,채널 제도 (2007),"74,462",
5, 아이슬란드,"73,191",
6, 카타르,"69,026",
7, 싱가포르,"64,581",
8, 미국,"62,641",
—,북아메리카 평균,"60,968",
9, 덴마크,"60,595",
10, 오스트레일리아,"57,305",
—, 케이맨 제도 (2017),"56,334",
—, 페로 제도 (2016),"55,822",
11, 스웨덴,"54,112",
12, 네덜란드,"52,978",
13, 오스트리아,"51,512",
14, 핀란드,"49,960",
—, 홍콩,"48,717",
—, 산마리노 (2017),"48,494",
—, 그린란드 (2016),"48,295",
15, 독일,"48,195",
16, 벨기에,"46,556",
17, 캐나다,"46,124",
—,고소득 국가 평균,"44,705",
18, 아랍에미리트,"43,004",
19, 영국,"42,491",
20, 안도라,"42,029",
21, 뉴질랜드,"41,966",
22, 이스라엘,"41,614",
23, 프랑스,"41,463",
—,경제협력개발기구 평균,"40,351",
—,유로 통화권 평균,"39,996",
24, 일본,"39,286",
—, 유럽 연합 평균,"36,531",
—, 미국령 버진아일랜드 (2017),"35,938",
—, 괌 (2017),"35,664",
25, 이탈리아,"34,318",
26, 쿠웨이트,"34,244",
—, 바하마 (2017),"31,857",
—, 푸에르토리코,"31,651",
27, 브루나이,"31,627",
28, 대한민국,"31,362",
29, 스페인,"30,523",
30, 몰타,"30,074",
—, 북마리아나 제도 (2017),"28,163",
31, 키프로스,"28,159",
—, 터크스 케이커스 제도,"27,142",
32, 슬로베니아,"26,234",
—, 아루바 (2017),"25,630",
33, 바레인,"24,050",
34, 사우디아라비아,"23,219",
35, 포르투갈,"23,145",
36, 체코,"22,973",
37, 에스토니아,"22,927",
38, 그리스,"20,324",
39, 세인트키츠 네비스,"19,829",
40, 슬로바키아,"19,546",
—, 퀴라소 (2017),"19,457",
41, 리투아니아,"19,089",
42, 라트비아,"18,088",
43, 팔라우,"17,317",
44, 우루과이,"17,278",
45, 앤티가 바부다,"16,864",
46, 트리니다드 토바고,"16,843",
47, 세이셸,"16,433",
48, 오만,"16,418",
—, 바베이도스 (2017),"16,327",
—, 베네수엘라 (2014),"16,054",
49, 헝가리,"15,938",
50, 칠레,"15,923",
—,중부유럽과 발트해 연안국 평균,"15,902",
51, 파나마,"15,575",
52, 폴란드,"15,424",
53, 크로아티아,"14,869",
—, 프랑스령 폴리네시아 (2000),"14,323",
—, 누벨칼레도니 (2000),"12,579",
54, 루마니아,"12,301",
55, 코스타리카,"12,026",
56, 아르헨티나,"11,652",
—, 아메리칸사모아 (2017),"11,398",
—,세계 평균,"11,296",
57, 러시아,"11,288",
58, 말레이시아,"11,239",
59, 모리셔스,"11,238",
—,"동아시아, 태평양 평균","11,132",
60, 그레나다,"10,833",
61, 세인트루시아,"10,315",
62, 몰디브,"10,223",
63, 적도 기니,"10,174",
—,카리브해 소국 평균,"9,910",
64, 중국,"9,770",
65, 멕시코,"9,698",
66, 카자흐스탄,"9,331",
67, 튀르키예,"9,311",
68, 불가리아,"9,272",
69, 나우루,"9,030",
—,라틴아메리카와 카리브해 평균,"9,023",
70, 브라질,"8,920",
71, 몬테네그로,"8,760",
—, 쿠바 (2017),"8,541",
72, 레바논,"8,269",
73, 보츠와나,"8,258",
—,중동과 북아프리카 평균,"8,057",
74, 가봉,"8,029",
75, 도미니카 공화국,"7,650",
76, 세인트빈센트 그레나딘,"7,377",
77, 태국,"7,273",
78, 리비아,"7,235",
79, 세르비아,"7,234",
80, 도미니카 연방,"7,031",
81, 투르크메니스탄,"6,966",
82, 페루,"6,947",
83, 콜롬비아,"6,651",
—,아랍 평균,"6,625",
84, 에콰도르,"6,344",
85, 남아프리카 공화국,"6,339",
86, 벨라루스,"6,289",
87, 피지,"6,202",
88, 북마케도니아,"6,083",
89, 보스니아 헤르체고비나,"5,951",
90, 수리남,"5,950",
91, 나미비아,"5,931",
92, 이라크,"5,878",
93, 파라과이,"5,871",
—, 이란 (2017),"5,627",
94, 자메이카,"5,355",
95, 알바니아,"5,253",
96, 벨리즈,"5,025",
97, 아제르바이잔,"4,721",
98, 가이아나,"4,634",
99, 과테말라,"4,549",
100, 사모아,"4,392",
101, 통가,"4,364",
102, 조지아,"4,344",
—, 코소보,"4,281",
103, 알제리,"4,278",
104, 요르단,"4,247",
105, 아르메니아,"4,212",
106, 에스와티니,"4,140",
107, 몽골,"4,103",
108, 스리랑카,"4,102",
109, 엘살바도르,"4,058",
110, 인도네시아,"3,893",
111, 투발루,"3,700",
112, 카보베르데,"3,654",
113, 마셜 제도,"3,621",
114, 볼리비아,"3,548",
115, 튀니지,"3,446",
116, 앙골라,"3,432",
117, 부탄,"3,360",
118, 모로코,"3,237",
—,요르단강 서안과 가자,"3,198",
119, 몰도바,"3,189",
120, 필리핀,"3,102",
121, 우크라이나,"3,095",
122, 미크로네시아 연방,"3,058",
123, 바누아투,"3,033",
124, 파푸아뉴기니,"2,722",
125, 라오스,"2,567",
126, 베트남,"2,563",
127, 이집트,"2,549",
128, 온두라스,"2,482",
129, 가나,"2,202",
130, 솔로몬 제도,"2,162",
131, 콩고 공화국,"2,147",
132, 짐바브웨,"2,147",
133, 지부티,"2,050",
134, 동티모르,"2,035",
—, 시리아 (2007),"2,032",
135, 니카라과,"2,028",
136, 나이지리아,"2,028",
137, 인도,"2,015",
138, 상투메 프린시페,"2,001",
—,남아시아 평균,"1,905",
139, 코트디부아르,"1,715",
140, 케냐,"1,710",
141, 방글라데시,"1,698",
142, 키리바시,"1,625",
—,사하라 이남 아프리카 평균,"1,573",
143, 잠비아,"1,539",
144, 우즈베키스탄,"1,532",
145, 카메룬,"1,526",
146, 세네갈,"1,522",
147, 캄보디아,"1,512",
148, 파키스탄,"1,472",
149, 코모로,"1,445",
150, 미얀마,"1,326",
151, 레소토,"1,324",
152, 키르기스스탄,"1,281",
153, 모리타니,"1,218",
154, 탄자니아,"1,050",
155, 네팔,"1,025",
156, 수단,977,
157, 예멘,944,
158, 베냉,902,
159, 말리,901,
160, 기니,885,
161, 아이티,868,
162, 타지키스탄,826,
—, 에리트레아 (2011),811,
—,저소득 국가 평균,811,
163, 기니비사우,778,
164, 르완다,773,
165, 에티오피아,772,
166, 부르키나파소,731,
167, 차드,730,
168, 감비아,712,
169, 라이베리아,674,
170, 토고,671,
171, 우간다,643,
172, 콩고 민주 공화국,561,
173, 시에라리온,522,
174, 아프가니스탄,520,
175, 중앙아프리카 공화국,510,
176, 소말리아,498,
177, 모잠비크,490,
178, 마다가스카르,460,
179, 니제르,411,
180, 말라위,389,
—, 남수단 (2016),283,
181, 부룬디,275,
1, 리히텐슈타인,"166,022",
2, 모나코,"165,421",
3, 룩셈부르크,"106,806",
—, 버뮤다,"102,192",
—, 마카오,"80,893",
4, 스위스,"80,101",
5, 노르웨이,"75,295",
6, 아이슬란드,"73,060",
7, 아일랜드,"69,604",
—, 케이맨 제도,"65,472",
8, 카타르,"63,506",
9, 미국,"60,055",
—,북아메리카 평균,"58,531",
10, 오스트레일리아,"57,613",
11, 덴마크,"57,533",
12, 싱가포르,"56,737",
13, 스웨덴,"54,043",
14, 산마리노,"50,588",
—, 그린란드,"49,398",
15, 네덜란드,"48,754",
16, 오스트리아,"47,718",
—, 홍콩,"46,390",
17, 핀란드,"45,670",
18, 독일,"44,976",
19, 캐나다,"44,974",
20, 벨기에,"43,289",
21, 뉴질랜드,"42,935",
22, 이스라엘,"42,452",
—,오세아니아 평균,"41,037",
23, 아랍에미리트,"40,699",
24, 영국,"39,758",
25, 안도라,"39,153",
26, 프랑스,"38,415",
27, 일본,"38,220",
—, 누벨칼레도니,"35,815",
28, 이탈리아,"32,747",
—, 영국령 버진아일랜드,"31,917",
29, 대한민국,"30,025",
30, 바하마,"29,825",
31, 몰타,"29,137",
32, 쿠웨이트,"28,897",
—, 터크스 케이커스 제도,"28,689",
—, 푸에르토리코,"28,451",
33, 스페인,"28,354",
34, 브루나이,"28,291",
—, 유럽 평균,"27,222",
—, 신트마르턴,"27,116[5]",
—,아메리카 평균,"26,748",
35, 키프로스,"25,790",
—, 아루바,"25,655",
36, 바레인,"23,668",
37, 슬로베니아,"23,296",
38, 사우디아라비아,"20,761",
39, 체코,"20,326",
—, 프랑스령 폴리네시아,"19,807",
40, 에스토니아,"19,793",
—, 퀴라소,"19,591[6]",
41, 포르투갈,"18,882",
—, 앵귈라,"18,861",
42, 그리스,"18,198",
—, 쿡 제도,"17,798",
43, 슬로바키아,"17,552",
44, 우루과이,"17,120",
45, 세인트키츠 네비스,"16,818",
46, 바베이도스,"16,494",
47, 리투아니아,"16,450",
48, 트리니다드 토바고,"16,145",
49, 세이셸,"15,693",
50, 라트비아,"15,625",
51, 칠레,"15,347",
52, 오만,"15,267",
53, 파나마,"15,088",
54, 앤티가 바부다,"14,803",
55, 아르헨티나,"14,400",
56, 헝가리,"14,376",
57, 폴란드,"13,786",
58, 팔라우,"13,417",
59, 크로아티아,"13,177",
60, 코스타리카,"11,734",
—, 몬트세랫,"11,582",
61, 몰디브,"11,151",
62, 러시아,"10,956",
63, 루마니아,"10,763",
—, 세계 평균,"10,665",
64, 모리셔스,"10,565",
65, 튀르키예,"10,546",
66, 그레나다,"10,451",
67, 나우루,"10,045",
68, 말레이시아,"9,951",
69, 적도 기니,"9,850",
70, 브라질,"9,821",
71, 세인트루시아,"9,607",
—,남아메리카 평균,"9,393",
72, 멕시코,"8,967",
—,라틴아메리카와 카리브해 평균,"8,931",
73, 레바논,"8,778",
74, 카자흐스탄,"8,756",
75, 중국,"8,682",
76, 쿠바,"8,433",
77, 불가리아,"8,218",
78, 베네수엘라,"7,977",
79, 몬테네그로,"7,703",
80, 보츠와나,"7,596",
81, 가봉,"7,221",
82, 세인트빈센트 그레나딘,"7,099",
83, 도미니카 공화국,"7,052",
84, 수리남,"6,757",
85, 도미니카 연방,"6,719",
86, 태국,"6,595",
87, 투르크메니스탄,"6,585",
88, 페루,"6,572",
—,아시아 평균,"6,545",
89, 콜롬비아,"6,302",
90, 에콰도르,"6,273",
91, 남아프리카 공화국,"6,151",
92, 세르비아,"5,912",
93, 벨라루스,"5,750",
94, 이란,"5,680",
95, 북마케도니아,"5,415",
96, 피지,"5,382",
97, 나미비아,"5,227",
98, 보스니아 헤르체고비나,"5,181",
99, 자메이카,"5,130",
100, 벨리즈,"5,077",
101, 이라크,"4,756",
102, 가이아나,"4,555",
103, 과테말라,"4,471",
104, 알바니아,"4,450",
105, 사모아,"4,356",
106, 파라과이,"4,322",
—,동남아시아 평균,"4,266",
107, 앙골라,"4,247",
108, 요르단,"4,196",
109, 스리랑카,"4,184",
110, 아제르바이잔,"4,146",
—, 코소보,"4,116",
111, 알제리,"4,055",
112, 통가,"3,950",
113, 리비아,"3,942",
114, 아르메니아,"3,937",
115, 투발루,"3,924",
116, 엘살바도르,"3,889",
117, 조지아,"3,875",
118, 인도네시아,"3,847",
119, 마셜 제도,"3,753",
120, 몽골,"3,620",
121, 튀니지,"3,475",
122, 볼리비아,"3,394",
123, 카보베르데,"3,245",
124, 에스와티니,"3,224",
125, 미크로네시아 연방,"3,188",
126, 부탄,"3,173",
127, 바누아투,"3,128",
128, 모로코,"3,070",
129, 필리핀,"2,989",
130, 수단,"2,967",
131, 팔레스타인,"2,946",
132, 파푸아뉴기니,"2,667",
133, 우크라이나,"2,536",
134, 온두라스,"2,480",
135, 라오스,"2,457",
136, 베트남,"2,342",
137, 동티모르,"2,279",
138, 니카라과,"2,222",
139, 콩고 공화국,"2,147",
140, 가나,"2,046",
141, 몰도바,"2,006",
142, 이집트,"2,000",
143, 솔로몬 제도,"1,982",
144, 나이지리아,"1,969",
145, 지부티,"1,928",
146, 인도,"1,923",
147, 상투메 프린시페,"1,921",
—,아프리카 평균,"1,766",
148, 키리바시,"1,694",
149, 코트디부아르,"1,566",
150, 우즈베키스탄,"1,557",
151, 파키스탄,"1,534",
152, 잠비아,"1,513",
153, 케냐,"1,508",
154, 방글라데시,"1,492",
155, 카메룬,"1,452",
156, 캄보디아,"1,382",
157, 세네갈,"1,333",
158, 코모로,"1,330",
159, 미얀마,"1,257",
160, 키르기스스탄,"1,251",
161, 레소토,"1,178",
162, 에리트레아,"1,147",
163, 모리타니,"1,129",
164, 짐바브웨,"1,091",
165, 예멘,990,
166, 탄자니아[7],934,
—, 잔지바르,920,
167, 네팔,849,
168, 시리아,831,
169, 베냉,826,
170, 말리,822,
171, 기니,803,
172, 타지키스탄,801,
173, 아이티,776,
174, 르완다,748,
175, 기니비사우,724,
176, 에티오피아,720,
177, 차드,719,
178, 감비아,709,
179, 조선민주주의인민공화국,685,
180, 우간다,646,
181, 부르키나파소,642,
182, 아프가니스탄,619,
183, 토고,614,
184, 라이베리아,584,
185, 마다가스카르,517,
186, 시에라리온,495,
187, 콩고 민주 공화국,463,
188, 남수단,453,
189, 중앙아프리카 공화국,428,
190, 모잠비크,426,
191, 니제르,378,
192, 말라위,340,
193, 부룬디,290,
194, 소말리아,104,
1, 룩셈부르크,"114,234",
2, 스위스,"82,950",
—, 마카오,"82,388",
3, 노르웨이,"81,695",
4, 아일랜드,"76,099",
5, 아이슬란드,"74,278",
6, 카타르,"70,780",
7, 싱가포르,"64,041",
8, 미국,"62,606",
9, 덴마크,"60,692",
10, 오스트레일리아,"56,352",
11, 스웨덴,"53,873",
12, 네덜란드,"53,106",
13, 오스트리아,"51,509",
14, 핀란드,"49,845",
15, 산마리노,"48,946",
—, 홍콩,"48,517",
16, 독일,"48,264",
17, 벨기에,"46,724",
18, 캐나다,"46,261",
19, 프랑스,"42,878",
20, 영국,"42,558",
21, 이스라엘,"41,644",
22, 뉴질랜드,"41,267",
23, 아랍에미리트,"40,711",
24, 일본,"39,306",
25, 이탈리아,"34,260",
26, 바하마,"34,003",
27, 브루나이,"32,414",
—, 푸에르토리코,"31,939",
28, 대한민국,"31,346",
29, 몰타,"31,058",
30, 쿠웨이트,"30,839",
31, 스페인,"30,697",
32, 키프로스,"28,340",
33, 슬로베니아,"26,234",
34, 바레인,"25,851",
—, 아루바,"25,466",
35, 타이완,"24,971",
36, 사우디아라비아,"23,566",
37, 포르투갈,"23,186",
38, 에스토니아,"22,990",
39, 체코,"22,850",
40, 그리스,"20,408",
41, 슬로바키아,"19,582",
42, 오만,"19,302",
43, 리투아니아,"19,143",
44, 세인트키츠 네비스,"18,203",
45, 라트비아,"18,032",
46, 바베이도스,"17,961",
47, 앤티가 바부다,"17,636",
48, 우루과이,"17,165",
49, 세이셸,"16,472",
50, 트리니다드 토바고,"16,223",
51, 팔라우,"16,091",
52, 칠레,"16,079",
53, 헝가리,"15,924",
54, 파나마,"15,679",
55, 폴란드,"15,431",
56, 크로아티아,"14,816",
57, 몰디브,"14,501",
58, 루마니아,"12,285",
59, 코스타리카,"11,744",
60, 아르헨티나,"11,627",
61, 러시아,"11,327",
62, 모리셔스,"11,281",
63, 그레나다,"11,042",
64, 말레이시아,"10,942",
65, 세인트루시아,"10,610",
66, 적도 기니,"10,453",
67, 멕시코,"9,807",
68, 중국,"9,608",
69, 튀르키예,"9,346",
70, 불가리아,"9,267",
71, 레바논,"9,257",
72, 카자흐스탄,"9,237",
73, 나우루,"9,037",
74, 브라질,"8,968",
75, 몬테네그로,"8,652",
76, 가봉,"8,297",
77, 보츠와나,"8,137",
78, 도미니카 공화국,"7,881",
79, 투르크메니스탄,"7,646",
80, 세인트빈센트 그레나딘,"7,491",
81, 세르비아,"7,243",
82, 태국,"7,187",
83, 페루,"7,002",
84, 도미니카 연방,"6,977",
85, 리비아,"6,692",
86, 콜롬비아,"6,684",
87, 남아프리카 공화국,"6,377",
88, 에콰도르,"6,316",
89, 벨라루스,"6,306",
90, 북마케도니아,"6,100",
91, 이라크,"5,930",
92, 파라과이,"5,899",
93, 수리남,"5,799",
94, 피지,"5,752",
95, 나미비아,"5,727",
96, 보스니아 헤르체고비나,"5,674",
97, 이란,"5,491",
98, 자메이카,"5,392",
99, 알바니아,"5,289",
100, 벨리즈,"4,862",
101, 통가,"4,665",
102, 가이아나,"4,649",
103, 과테말라,"4,575",
104, 아제르바이잔,"4,569",
—, 코소보,"4,403",
105, 조지아,"4,400",
106, 사모아,"4,318",
107, 요르단,"4,278",
108, 에스와티니,"4,250",
109, 알제리,"4,238",
110, 아르메니아,"4,149",
111, 투발루,"4,096",
112, 스리랑카,"4,068",
113, 몽골,"4,026",
114, 엘살바도르,"3,924",
115, 인도네시아,"3,871",
116, 마셜 제도,"3,831",
117, 볼리비아,"3,682",
118, 앙골라,"3,669",
119, 미크로네시아 연방,"3,656",
120, 카보베르데,"3,563",
121, 튀니지,"3,423",
122, 베네수엘라,"3,374",
123, 모로코,"3,359",
124, 바누아투,"3,254",
125, 몰도바,"3,218",
126, 부탄,"3,215",
127, 필리핀,"3,104",
128, 우크라이나,"2,963",
129, 라오스,"2,720",
130, 이집트,"2,573",
131, 베트남,"2,551",
132, 파푸아뉴기니,"2,530",
133, 온두라스,"2,521",
134, 콩고 공화국,"2,511",
135, 동티모르,"2,435",
136, 솔로몬 제도,"2,271",
137, 가나,"2,206",
138, 니카라과,"2,108",
139, 지부티,"2,085",
140, 상투메 프린시페,"2,063",
141, 나이지리아,"2,049",
142, 인도,"2,036",
143, 케냐,"1,857",
144, 방글라데시,"1,745",
145, 짐바브웨,"1,712",
146, 코트디부아르,"1,680",
147, 키리바시,"1,641",
148, 파키스탄,"1,555",
149, 카메룬,"1,548",
150, 캄보디아,"1,509",
151, 세네갈,"1,474",
152, 잠비아,"1,417",
153, 레소토,"1,358",
154, 미얀마,"1,298",
155, 키르기스스탄,"1,268",
156, 우즈베키스탄,"1,263",
157, 모리타니,"1,143",
158, 탄자니아,"1,134",
159, 에리트레아,"1,112",
160, 네팔,972,
161, 말리,927,
162, 베냉,915,
163, 기니,883,
164, 차드,874,
165, 코모로,874,
166, 예멘,873,
167, 아이티,857,
168, 에티오피아,853,
169, 기니비사우,840,
170, 타지키스탄,826,
171, 수단,808,
172, 르완다,791,
173, 감비아,745,
174, 부르키나파소,729,
175, 라이베리아,728,
176, 우간다,724,
177, 토고,670,
178, 아프가니스탄,544,
179, 시에라리온,516,
180, 니제르,477,
181, 모잠비크,476,
182, 마다가스카르,459,
183, 콩고 민주 공화국,449,
184, 중앙아프리카 공화국,430,
185, 말라위,351,
186, 부룬디,307,
187, 남수단,303,
1, 룩셈부르크,"104,103",
—, 마카오,"80,893",
2, 스위스,"80,190",
3, 노르웨이,"75,505",
4, 아이슬란드,"70,057",
5, 아일랜드,"69,331",
6, 카타르,"63,506",
7, 미국,"59,532",
—,북아메리카,"58,070",
8, 싱가포르,"57,714",
9, 덴마크,"56,308",
10, 오스트레일리아,"53,800",
11, 스웨덴,"53,442",
12, 산마리노,"49,664",
13, 네덜란드,"48,223",
14, 오스트리아,"47,291",
—, 홍콩,"46,194",
15, 핀란드,"45,703",
16, 캐나다,"45,032",
17, 독일,"44,470",
18, 벨기에,"43,324",
19, 뉴질랜드,"42,941",
20, 아랍에미리트,"40,699",
21, 이스라엘,"40,270",
22, 영국,"39,720",
23, 안도라,"39,147",
24, 프랑스,"38,477",
25, 일본,"38,428",
—,경제협력개발기구 평균,"38,149",
—,유로 통화권 평균,"36,869",
—, 유럽 연합,"33,715",
26, 이탈리아,"31,953",
—, 푸에르토리코,"30,833[9]",
27, 바하마,"30,762",
28, 대한민국,"29,743",
29, 쿠웨이트,"29,040",
30, 브루나이,"28,291",
31, 스페인,"28,157",
32, 몰타,"26,946",
33, 키프로스,"25,234",
34, 바레인,"23,655",
35, 슬로베니아,"23,597",
36, 포르투갈,"21,136",
37, 사우디아라비아,"20,761",
38, 체코,"20,368",
39, 에스토니아,"19,705",
40, 그리스,"18,613",
41, 슬로바키아,"17,605",
42, 세인트키츠 네비스,"17,090",
43, 바베이도스,"16,789",
44, 리투아니아,"16,681",
45, 우루과이,"16,246",
46, 트리니다드 토바고,"16,145",
47, 오만,"15,668",
48, 라트비아,"15,594",
49, 세이셸,"15,504",
50, 칠레,"15,346",
51, 파나마,"15,088",
52, 앤티가 바부다,"15,022",
53, 아르헨티나,"14,402",
54, 헝가리,"14,225",
55, 폴란드,"13,812",
56, 팔라우,"13,417",
57, 크로아티아,"13,295",
58, 코스타리카,"11,631",
59, 루마니아,"10,814",
60, 러시아,"10,743",
—,세계 평균,"10,714",
61, 모리셔스,"10,547",
62, 튀르키예,"10,541",
63, 몰디브,"10,536",
64, 그레나다,"10,376",
65, 말레이시아,"9,945",
66, 적도 기니,"9,850",
67, 브라질,"9,821",
68, 세인트루시아,"9,574",
69, 멕시코,"8,903",
70, 카자흐스탄,"8,837",
71, 중국,"8,827",
72, 레바논,"8,524",
73, 나우루,"8,344",
74, 불가리아,"8,032",
75, 리비아,"7,998",
76, 몬테네그로,"7,670",
77, 도미니카,"7,610",
78, 보츠와나,"7,596",
79, 투르크메니스탄,"7,356",
80, 가봉,"7,221",
81, 세인트빈센트 그레나딘,"7,185",
82, 도미니카 공화국,"7,052",
83, 타이,"6,594",
84, 페루,"6,572",
85, 콜롬비아,"6,302",
86, 에콰도르,"6,199",
87, 남아프리카 공화국,"6,161",
88, 수리남,"5,901",
89, 세르비아,"5,900",
90, 벨라루스,"5,726",
91, 피지,"5,589",
92, 마케도니아,"5,443",
93, 이란,"5,415",
94, 나미비아,"5,227",
95, 보스니아 헤르체고비나,"5,181",
96, 이라크,"5,166",
97, 자메이카,"5,110",
98, 벨리즈,"4,906",
99, 가이아나,"4,725",
100, 알바니아,"4,538",
101, 과테말라,"4,471",
102, 파라과이,"4,366",
103, 사모아,"4,361",
104, 앙골라,"4,170",
105, 아제르바이잔,"4,132",
106, 요르단,"4,130",
107, 알제리,"4,123",
108, 조지아,"4,078",
109, 스리랑카,"4,065",
110, 통가,"3,944",
111, 아르메니아,"3,937",
—, 코소보,"3,894",
112, 엘살바도르,"3,889",
113, 인도네시아,"3,847",
114, 마셜 제도,"3,753",
115, 몽골,"3,735",
116, 투발루,"3,550",
117, 튀니지,"3,491",
118, 볼리비아,"3,394",
119, 에스와티니,"3,224",
120, 카보베르데,"3,210",
121, 미크로네시아 연방,"3,188",
122, 바누아투,"3,124",
123, 부탄,"3,110",
—,요르단강 서안과 가자,"3,095",
124, 모로코,"3,007",
125, 필리핀,"2,989",
126, 수단,"2,899",
127, 우크라이나,"2,640",
128, 파푸아뉴기니,"2,556",
129, 온두라스,"2,480",
130, 라오스,"2,457",
131, 이집트,"2,413",
132, 베트남,"2,343",
133, 몰도바,"2,290",
134, 동티모르,"2,279",
135, 니카라과,"2,222",
136, 솔로몬 제도,"2,132",
137, 나이지리아,"1,969",
138, 인도,"1,940",
139, 지부티,"1,928",
140, 상투메프린시페,"1,913",
141, 키리바시,"1,685",
142, 코트디부아르,"1,662",
143, 콩고,"1,658",
144, 가나,"1,641",
145, 파키스탄,"1,548",
146, 방글라데시,"1,517",
147, 잠비아,"1,510",
148, 케냐,"1,508",
149, 우즈베키스탄,"1,504",
150, 카메룬,"1,447",
151, 캄보디아,"1,384",
152, 미얀마,"1,299",
153, 키르기스스탄,"1,220",
154, 레소토,"1,182",
155, 모리타니,"1,137",
156, 짐바브웨,"1,080",
157, 세네갈,"1,033",
158, 탄자니아,936,
159, 네팔,835,
160, 베냉,830,
161, 기니,825,
162, 말리,825,
163, 타지키스탄,801,
164, 코모로,797,
165, 에티오피아,768,
166, 아이티,766,
167, 르완다,748,
168, 기니비사우,724,
169, 부르키나파소,671,
170, 차드,670,
171, 예멘,660[10],
172, 토고,617,
173, 우간다,604,
174, 아프가니스탄,586,
175, 소말리아,500,
176, 시에라리온,499,
177, 감비아,483,
178, 콩고 민주 공화국,458,
179, 라이베리아,456,
180, 마다가스카르,450,
181, 중앙아프리카공화국,418,
182, 모잠비크,416,
183, 니제르,378,
184, 말라위,338,
185, 부룬디,320,
186, 남수단,237[11],
1, 리히텐슈타인,"166,022",
2, 모나코,"165,421",
3, 룩셈부르크,"106,806",
—, 버뮤다,"102,192",
—, 마카오,"80,893",
4, 스위스,"80,101",
5, 노르웨이,"75,295",
6, 아이슬란드,"73,060",
7, 아일랜드,"69,604",
—, 케이맨 제도,"65,472",
8, 카타르,"63,506",
9, 미국,"60,055",
—,북아메리카 평균,"58,531",
10, 오스트레일리아,"57,613",
11, 덴마크,"57,533",
12, 싱가포르,"56,737",
13, 스웨덴,"54,043",
14, 산마리노,"50,588",
—, 그린란드,"49,398",
15, 네덜란드,"48,754",
16, 오스트리아,"47,718",
—, 홍콩,"46,390",
17, 핀란드,"45,670",
18, 독일,"44,976",
19, 캐나다,"44,974",
20, 벨기에,"43,289",
21, 뉴질랜드,"42,935",
22, 이스라엘,"42,452",
—,오세아니아 평균,"41,037",
23, 아랍에미리트,"40,699",
24, 영국,"39,758",
25, 안도라,"39,153",
26, 프랑스,"38,415",
27, 일본,"38,220",
—, 누벨칼레도니,"35,815",
28, 이탈리아,"32,747",
—, 영국령 버진아일랜드,"31,917",
29, 대한민국,"30,025",
30, 바하마,"29,825",
31, 몰타,"29,137",
32, 쿠웨이트,"28,897",
—, 터크스 케이커스 제도,"28,689",
—, 푸에르토리코,"28,451",
33, 스페인,"28,354",
34, 브루나이,"28,291",
—, 유럽 평균,"27,222",
—, 신트마르턴,"27,116[12]",
—,아메리카 평균,"26,748",
35, 키프로스,"25,790",
—, 아루바,"25,655",
36, 바레인,"23,668",
37, 슬로베니아,"23,296",
38, 사우디아라비아,"20,761",
39, 체코,"20,326",
—, 프랑스령 폴리네시아,"19,807",
40, 에스토니아,"19,793",
—, 퀴라소,"19,591[13]",
41, 포르투갈,"18,882",
—, 앵귈라,"18,861",
42, 그리스,"18,198",
—, 쿡 제도,"17,798",
43, 슬로바키아,"17,552",
44, 우루과이,"17,120",
45, 세인트키츠 네비스,"16,818",
46, 바베이도스,"16,494",
47, 리투아니아,"16,450",
48, 트리니다드 토바고,"16,145",
49, 세이셸,"15,693",
50, 라트비아,"15,625",
51, 칠레,"15,347",
52, 오만,"15,267",
53, 파나마,"15,088",
54, 앤티가 바부다,"14,803",
55, 아르헨티나,"14,400",
56, 헝가리,"14,376",
57, 폴란드,"13,786",
58, 팔라우,"13,417",
59, 크로아티아,"13,177",
60, 코스타리카,"11,734",
—, 몬트세랫,"11,582",
61, 몰디브,"11,151",
62, 러시아,"10,956",
63, 루마니아,"10,763",
—, 세계 평균,"10,665",
64, 모리셔스,"10,565",
65, 튀르키예,"10,546",
66, 그레나다,"10,451",
67, 나우루,"10,045",
68, 말레이시아,"9,951",
69, 적도 기니,"9,850",
70, 브라질,"9,821",
71, 세인트루시아,"9,607",
—,남아메리카 평균,"9,393",
72, 멕시코,"8,967",
—,라틴아메리카와 카리브해 평균,"8,931",
73, 레바논,"8,778",
74, 카자흐스탄,"8,756",
75, 중국,"8,682",
76, 쿠바,"8,433",
77, 불가리아,"8,218",
78, 베네수엘라,"7,977",
79, 몬테네그로,"7,703",
80, 보츠와나,"7,596",
81, 가봉,"7,221",
82, 세인트빈센트 그레나딘,"7,099",
83, 도미니카 공화국,"7,052",
84, 수리남,"6,757",
85, 도미니카 연방,"6,719",
86, 태국,"6,595",
87, 투르크메니스탄,"6,585",
88, 페루,"6,572",
—,아시아 평균,"6,545",
89, 콜롬비아,"6,302",
90, 에콰도르,"6,273",
91, 남아프리카 공화국,"6,151",
92, 세르비아,"5,912",
93, 벨라루스,"5,750",
94, 이란,"5,680",
95, 북마케도니아,"5,415",
96, 피지,"5,382",
97, 나미비아,"5,227",
98, 보스니아 헤르체고비나,"5,181",
99, 자메이카,"5,130",
100, 벨리즈,"5,077",
101, 이라크,"4,756",
102, 가이아나,"4,555",
103, 과테말라,"4,471",
104, 알바니아,"4,450",
105, 사모아,"4,356",
106, 파라과이,"4,322",
—,동남아시아 평균,"4,266",
107, 앙골라,"4,247",
108, 요르단,"4,196",
109, 스리랑카,"4,184",
110, 아제르바이잔,"4,146",
—, 코소보,"4,116",
111, 알제리,"4,055",
112, 통가,"3,950",
113, 리비아,"3,942",
114, 아르메니아,"3,937",
115, 투발루,"3,924",
116, 엘살바도르,"3,889",
117, 조지아,"3,875",
118, 인도네시아,"3,847",
119, 마셜 제도,"3,753",
120, 몽골,"3,620",
121, 튀니지,"3,475",
122, 볼리비아,"3,394",
123, 카보베르데,"3,245",
124, 에스와티니,"3,224",
125, 미크로네시아 연방,"3,188",
126, 부탄,"3,173",
127, 바누아투,"3,128",
128, 모로코,"3,070",
129, 필리핀,"2,989",
130, 수단,"2,967",
131, 팔레스타인,"2,946",
132, 파푸아뉴기니,"2,667",
133, 우크라이나,"2,536",
134, 온두라스,"2,480",
135, 라오스,"2,457",
136, 베트남,"2,342",
137, 동티모르,"2,279",
138, 니카라과,"2,222",
139, 콩고 공화국,"2,147",
140, 가나,"2,046",
141, 몰도바,"2,006",
142, 이집트,"2,000",
143, 솔로몬 제도,"1,982",
144, 나이지리아,"1,969",
145, 지부티,"1,928",
146, 인도,"1,923",
147, 상투메 프린시페,"1,921",
—,아프리카 평균,"1,766",
148, 키리바시,"1,694",
149, 코트디부아르,"1,566",
150, 우즈베키스탄,"1,557",
151, 파키스탄,"1,534",
152, 잠비아,"1,513",
153, 케냐,"1,508",
154, 방글라데시,"1,492",
155, 카메룬,"1,452",
156, 캄보디아,"1,382",
157, 세네갈,"1,333",
158, 코모로,"1,330",
159, 미얀마,"1,257",
160, 키르기스스탄,"1,251",
161, 레소토,"1,178",
162, 에리트레아,"1,147",
163, 모리타니,"1,129",
164, 짐바브웨,"1,091",
165, 예멘,990,
166, 탄자니아[14],934,
—, 잔지바르,920,
167, 네팔,849,
168, 시리아,831,
169, 베냉,826,
170, 말리,822,
171, 기니,803,
172, 타지키스탄,801,
173, 아이티,776,
174, 르완다,748,
175, 기니비사우,724,
176, 에티오피아,720,
177, 차드,719,
178, 감비아,709,
179, 조선민주주의인민공화국,685,
180, 우간다,646,
181, 부르키나파소,642,
182, 아프가니스탄,619,
183, 토고,614,
184, 라이베리아,584,
185, 마다가스카르,517,
186, 시에라리온,495,
187, 콩고 민주 공화국,463,
188, 남수단,453,
189, 중앙아프리카 공화국,428,
190, 모잠비크,426,
191, 니제르,378,
192, 말라위,340,
193, 부룬디,290,
194, 소말리아,104,
1, 룩셈부르크,"103,199",
2, 스위스,"79,242",
3, 노르웨이,"70,392",
-, 마카오,"67,079",
4, 아일랜드,"62,562",
5, 카타르,"60,787",
6, 아이슬란드,"59,629",
7, 미국,"57,436",
8, 덴마크,"53,744",
9, 싱가포르,"52,961",
10, 오스트레일리아,"51,850",
11, 스웨덴,"51,165",
12, 산마리노,"46,447",
13, 네덜란드,"45,283",
14, 오스트리아,"44,498",
-, 홍콩,"43,528",
15, 핀란드,"43,169",
16, 캐나다,"42,210",
17, 독일,"41,902",
18, 벨기에,"41,283",
19, 영국,"40,096",
20, 일본,"38,917",
21, 뉴질랜드,"38,345",
22, 프랑스,"38,128",
23, 아랍에미리트,"37,678",
24, 이스라엘,"37,262",
-, 유럽 연합,"32,384",
25, 이탈리아,"30,507",
-, 푸에르토리코,"29,697",
26, 대한민국,"27,539",
27, 스페인,"26,609",
28, 브루나이,"26,424",
29, 쿠웨이트,"26,005",
30, 몰타,"25,214",
31, 바하마,"24,272",
32, 바레인,"24,183",
33, 키프로스,"23,352",
-, 타이완,"22,453",
34, 슬로베니아,"21,320",
35, 사우디아라비아,"20,150",
36, 포르투갈,"19,832",
37, 체코,"18,286",
38, 그리스,"17,901",
39, 에스토니아,"17,633",
40, 슬로바키아,"16,499",
41, 바베이도스,"16,363",
42, 팔라우,"16,222",
43, 세인트키츠 네비스,"16,058",
44, 오만,"15,964",
45, 우루과이,"15,679",
46, 앤티가 바부다,"15,488",
47, 트리니다드 토바고,"15,342",
48, 세이셸,"14,938",
49, 리투아니아,"14,890",
50, 적도 기니,"14,174",
51, 라트비아,"14,060",
52, 파나마,"13,654",
53, 칠레,"13,576",
54, 헝가리,"12,778",
55, 아르헨티나,"12,503",
56, 폴란드,"12,316",
57, 크로아티아,"12,095",
58, 코스타리카,"11,835",
59, 레바논,"11,309",
60, 튀르키예,"10,743",
—, 세계 평균,"10,038",
61, 그레나다,"9,585",
62, 몰디브,"9,554",
63, 루마니아,"9,465",
64, 모리셔스,"9,424",
65, 말레이시아,"9,360",
66, 베네수엘라,"9,258",
67, 러시아,"8,929",
68, 브라질,"8,727",
69, 멕시코,"8,555",
70, 중국,"8,113",
71, 세인트루시아,"7,940",
72, 나우루,"7,824",
73, 가봉,"7,587",
74, 카자흐스탄,"7,453",
75, 불가리아,"7,369",
76, 도미니카 연방,"7,356",
77, 도미니카 공화국,"7,159",
78, 세인트빈센트 그레나딘,"7,038",
79, 보츠와나,"6,972",
80, 몬테네그로,"6,629",
81, 투르크메니스탄,"6,622",
82, 수리남,"6,333",
83, 페루,"6,199",
84, 에콰도르,"5,930",
85, 태국,"5,899",
86, 콜롬비아,"5,792",
87, 요르단,"5,554",
88, 세르비아,"5,376",
89, 북마케도니아,"5,263",
90, 남아프리카 공화국,"5,261",
91, 리비아,"5,193",
92, 피지,"5,182",
93, 벨라루스,"5,143",
94, 자메이카,"4,931",
95, 이란,"4,683",
96, 벨리즈,"4,636",
97, 이라크,"4,631",
98, 나미비아,"4,630",
99, 가이아나,"4,475",
100, 엘살바도르,"4,343",
101, 보스니아헤르체고비나,"4,308",
102, 알바니아,"4,203",
103, 과테말라,"4,089",
104, 사모아,"4,035",
105, 파라과이,"4,003",
106, 아제르바이잔,"3,956",
107, 알제리,"3,944",
108, 스리랑카,"3,887",
109, 통가,"3,856",
110, 조지아,"3,842",
111, 튀니지,"3,730",
112, 이집트,"3,685",
113, 몽골,"3,660",
114, 인도네시아,"3,604",
115, 아르메니아,"3,511",
116, 앙골라,"3,502",
117, 마셜 제도,"3,338",
118, 에스와티니,"3,330",
119, 볼리비아,"3,197",
120, 투발루,"3,157",
121, 미크로네시아 연방,"3,150",
122, 카보베르데,"3,078",
123, 모로코,"3,063",
124, 필리핀,"2,924",
125, 바누아투,"2,815",
126, 부탄,"2,674",
127, 온두라스,"2,609",
128, 파푸아뉴기니,"2,528",
129, 수단,"2,384",
130, 나이지리아,"2,211",
131, 우크라이나,"2,194",
132, 베트남,"2,173",
133, 우즈베키스탄,"2,122",
134, 니카라과,"2,120",
135, 동티모르,"2,102",
136, 솔로몬 제도,"1,971",
137, 라오스,"1,925",
138, 지부티,"1,908",
139, 몰도바,"1,901",
140, 콩고,"1,784",
141, 인도,"1,723",
142, 상투메 프린시페,"1,687",
143, 케냐,"1,516",
144, 가나,"1,514",
145, 코트디부아르,"1,459",
146, 키리바시,"1,437",
147, 파키스탄,"1,428",
148, 방글라데시,"1,411",
149, 잠비아,"1,275",
150, 미얀마,"1,269",
151, 모리타니,"1,243",
152, 카메룬,"1,238",
153, 캄보디아,"1,230",
154, 레소토,"1,170",
155, 키르기스스탄,"1,073",
156, 짐바브웨,977,
157, 탄자니아,970,
158, 세네갈,960,
159, 예멘,938,
160, 차드,852,
161, 말리,830,
162, 에리트레아,823,
163, 타지키스탄,800,
164, 에티오피아,795,
165, 베냉,771,
166, 아이티,761,
167, 코모로,753,
168, 네팔,733,
169, 르완다,729,
170, 기니비사우,694,
171, 부르키나파소,646,
172, 우간다,638,
173, 시에라리온,618,
174, 토고,590,
175, 아프가니스탄,565,
176, 기니,515,
177, 콩고 민주 공화국,495,
178, 라이베리아,480,
179, 감비아,469,
180, 니제르,411,
181, 모잠비크,392,
182, 마다가스카르,391,
183, 중앙아프리카공화국,364,
184, 부룬디,325,
185, 말라위,295,
186, 남수단,233,
1, 모나코,"168,004",
2, 리히텐슈타인,"164,437",
3, 룩셈부르크,"101,835",
—, 버뮤다,"99,363",
4, 스위스,"79,609",
—, 마카오,"74,018",
5, 노르웨이,"70,617",
6, 아일랜드,"64,497",
—, 케이맨 제도,"63,261",
7, 아이슬란드,"60,966",
8, 카타르,"59,324",
9, 미국,"57,808",
—,북아메리카 평균,"56,228",
10, 오스트레일리아,"54,069",
11, 덴마크,"53,730",
12, 싱가포르,"52,814",
13, 스웨덴,"52,297",
14, 산마리노,"47,910",
15, 네덜란드,"45,753",
16, 오스트리아,"44,857",
—, 홍콩,"43,943",
17, 핀란드,"43,339",
18, 독일,"42,456",
19, 캐나다,"42,154",
20, 벨기에,"41,199",
—, 그린란드,"40,469",
21, 영국,"40,249",
22, 뉴질랜드,"40,233",
23, 이스라엘,"38,788",
24, 일본,"38,640",
—,오세아니아 평균,"38,561",
25, 아랍에미리트,"37,622",
26, 안도라,"36,987",
27, 프랑스,"36,826",
—, 누벨칼레도니,"34,641",
—, 영국령 버진아일랜드,"31,677",
28, 이탈리아,"31,279",
29, 바하마,"28,785",
—, 푸에르토리코,"28,636",
30, 대한민국,"27,785",
31, 쿠웨이트,"27,229",
—, 신트마르턴,"27,116",
32, 브루나이,"26,939",
33, 스페인,"26,695",
—, 터크스 케이커스 제도,"26,291",
34, 몰타,"25,616",
—, 유럽 평균,"25,596",
—,아메리카 평균,"25,496",
—, 아루바,"25,444",
35, 키프로스,"23,631",
—, 앵귈라,"22,861",
36, 바레인,"22,579",
37, 슬로베니아,"21,517",
38, 사우디아라비아,"19,817",
39, 포르투갈,"19,750",
—, 퀴라소,"19,586",
—, 프랑스령 폴리네시아,"19,335",
40, 체코,"18,406",
41, 에스토니아,"17,782",
42, 트리니다드 토바고,"17,646",
43, 그리스,"17,230",
—, 쿡 제도,"16,698",
44, 세인트키츠 네비스,"16,597",
45, 슬로바키아,"16,489",
46, 바베이도스,"15,975",
47, 우루과이,"15,221",
48, 세이셸,"15,217",
49, 리투아니아,"14,707",
50, 앤티가 바부다,"14,462",
51, 팔라우,"14,428",
52, 오만,"14,277",
53, 라트비아,"13,993",
54, 칠레,"13,794",
55, 파나마,"13,680",
56, 헝가리,"12,900",
57, 아르헨티나,"12,449",
58, 폴란드,"12,332",
59, 크로아티아,"12,159",
—, 몬트세랫,"12,044",
60, 코스타리카,"11,825",
61, 튀르키예,"10,863",
—, 세계 평균,"10,134",
62, 몰디브,"9,875",
63, 모리셔스,"9,679",
64, 말레이시아,"9,508",
65, 그레나다,"9,469",
66, 루마니아,"9,439",
67, 베네수엘라,"9,230",
68, 나우루,"9,119",
69, 적도 기니,"8,742",
70, 러시아,"8,655",
71, 브라질,"8,649",
—,남아메리카 평균,"8,504",
72, 멕시코,"8,444",
73, 레바논,"8,400",
—,라틴아메리카와 카리브해 평균,"8,218",
74, 중국,"7,993",
75, 도미니카 연방,"7,907",
76, 세인트루시아,"7,848",
77, 쿠바,"7,815",
78, 카자흐스탄,"7,505",
79, 불가리아,"7,465",
80, 가봉,"7,002",
81, 세인트빈센트 그레나딘,"6,980",
82, 몬테네그로,"6,958",
83, 보츠와나,"6,917",
84, 리비아,"6,826",
85, 도미니카 공화국,"6,722",
86, 투르크메니스탄,"6,389",
—,아시아 평균,"6,172",
87, 페루,"6,049",
88, 에콰도르,"5,982",
89, 태국,"5,911",
90, 수리남,"5,871",
91, 콜롬비아,"5,806",
92, 세르비아,"5,426",
93, 이란,"5,299",
94, 남아프리카 공화국,"5,274",
95, 피지,"5,197",
96, 북마케도니아,"5,163",
97, 벨라루스,"5,001",
98, 자메이카,"4,879",
99, 보스니아 헤르체고비나,"4,808",
100, 벨리즈,"4,745",
101, 가이아나,"4,444",
102, 나미비아,"4,415",
103, 이라크,"4,301",
104, 엘살바도르,"4,224",
105, 사모아,"4,214",
106, 과테말라,"4,147",
107, 요르단,"4,088",
108, 알바니아,"4,054",
109, 파라과이,"4,039",
—,동남아시아 평균,"3,987",
110, 알제리,"3,917",
111, 스리랑카,"3,910",
112, 아제르바이잔,"3,892",
—, 코소보,"3,811",
113, 통가,"3,748",
114, 앙골라,"3,711",
115, 몽골,"3,686",
116, 튀니지,"3,657",
117, 조지아,"3,651",
118, 아르메니아,"3,615",
119, 인도네시아,"3,570",
120, 마셜 제도,"3,449",
121, 투발루,"3,307",
122, 미크로네시아 연방,"3,144",
123, 볼리비아,"3,105",
124, 바누아투,"3,097",
125, 카보베르데,"3,038",
126, 에스와티니,"2,983",
127, 필리핀,"2,951",
128, 모로코,"2,937",
129, 이집트,"2,823",
130, 팔레스타인,"2,796",
131, 부탄,"2,774",
132, 파푸아뉴기니,"2,436",
133, 온두라스,"2,361",
134, 라오스,"2,339",
135, 나이지리아,"2,176",
136, 베트남,"2,171",
137, 우즈베키스탄,"2,155",
138, 니카라과,"2,151",
139, 동티모르,"2,131",
140, 우크라이나,"2,099",
141, 수단,"2,094",
142, 지부티,"2,007",
143, 솔로몬 제도,"1,892",
—,아프리카 평균,"1,752",
144, 상투메 프린시페,"1,715",
145, 인도,"1,706",
146, 몰도바,"1,668",
147, 코트디부아르,"1,552",
148, 키리바시,"1,518",
149, 콩고 공화국,"1,517",
150, 가나,"1,517",
151, 파키스탄,"1,462",
152, 케냐,"1,455",
153, 코모로,"1,445",
154, 카메룬,"1,374",
155, 방글라데시,"1,355",
156, 캄보디아,"1,270",
157, 잠비아,"1,270",
158, 미얀마,"1,242",
159, 시리아,"1,203",
160, 키르기스스탄,"1,100",
161, 에리트레아,"1,093",
162, 모리타니,"1,085",
163, 레소토,"1,017",
164, 짐바브웨,998,
165, 세네갈,948,
166, 예멘,920,
167, 탄자니아[18],881,
—, 잔지바르,823,
168, 베냉,818,
169, 타지키스탄,796,
170, 차드,780,
171, 말리,778,
172, 네팔,722,
173, 르완다,711,
174, 아이티,705,
175, 에티오피아,687,
176, 기니,684,
177, 조선민주주의인민공화국,665,
178, 부르키나파소,627,
179, 기니비사우,618,
180, 우간다,610,
181, 라이베리아,598,
182, 토고,585,
183, 아프가니스탄,584,
184, 남수단,534,
185, 콩고 민주 공화국,512,
186, 시에라리온,497,
187, 감비아,484,
188, 마다가스카르,451,
189, 중앙아프리카 공화국,394,
190, 모잠비크,379,
191, 니제르,364,
192, 말라위,294,
193, 부룬디,273,
194, 소말리아,92,
1, 리히텐슈타인,"169,492",
2, 모나코,"165,871",
3, 룩셈부르크,"100,161",
—, 버뮤다,"94,400",
4, 스위스,"80,831",
—, 마카오,"78,586",
5, 노르웨이,"74,186",
6, 카타르,"73,653",
—, 케이맨 제도,"62,132",
7, 아일랜드,"60,514",
8, 미국,"56,054",
9, 덴마크,"53,149",
10, 싱가포르,"52,239",
11, 오스트레일리아,"51,352",
12, 아이슬란드,"50,936",
13, 스웨덴,"50,687",
14, 산마리노,"49,240",
15, 네덜란드,"44,332",
16, 영국,"44,162",
17, 오스트리아,"44,118",
18, 캐나다,"43,206",
—, 홍콩,"42,431",
19, 핀란드,"42,148",
20, 독일,"41,686",
21, 아랍에미리트,"40,439",
22, 벨기에,"40,278",
23, 안도라,"39,896",
24, 뉴질랜드,"38,294",
25, 이스라엘,"37,129",
—, 그린란드,"36,977",
26, 프랑스,"36,304",
27, 일본,"34,629",
—, 누벨칼레도니,"33,966",
28, 브루나이,"30,553",
29, 이탈리아,"30,462",
—, 영국령 버진아일랜드,"30,144",
30, 쿠웨이트,"29,304",
—, 푸에르토리코,"27,939",
31, 대한민국,"27,397",
—, 아루바,"26,005",
32, 스페인,"25,865",
—,유럽 평균,"25,590",
—,아메리카 평균,"25,229",
—, 터크스 케이커스 제도,"25,122",
33, 몰타,"23,281",
34, 바하마,"22,817",
35, 바레인,"22,600",
36, 키프로스,"21,942",
—, 앵귈라,"21,880",
37, 사우디아라비아,"20,711",
38, 슬로베니아,"20,690",
—, 퀴라소,"20,050",
39, 포르투갈,"19,239",
40, 트리니다드 토바고,"19,063",
41, 나우루,"18,469",
—, 프랑스령 폴리네시아,"18,161",
42, 그리스,"17,788",
43, 체코,"17,562",
44, 에스토니아,"17,122",
45, 적도 기니,"16,344",
46, 슬로바키아,"16,082",
48, 세인트키츠 네비스,"15,772",
49, 우루과이,"15,574",
50, 오만,"15,551",
51, 바베이도스,"15,429",
52, 앤티가 바부다,"14,764",
53, 아르헨티나,"14,565",
54, 리투아니아,"14,384",
55, 세이셸,"14,133",
—, 쿡 제도,"14,119",
56, 라트비아,"13,704",
57, 칠레,"13,416",
58, 파나마,"13,268",
59, 폴란드,"12,355",
60, 헝가리,"12,351",
61, 팔라우,"12,122",
—, 몬트세랫,"11,553",
62, 크로아티아,"11,479",
63, 베네수엘라,"11,069",
64, 코스타리카,"11,015",
65, 카자흐스탄,"10,312",
—,세계 평균,"10,095",
66, 말레이시아,"9,768",
67, 몰디브,"9,446",
68, 러시아,"9,243",
69, 튀르키예,"9,126",
70, 루마니아,"9,121",
71, 모리셔스,"9,041",
72, 수리남,"8,985",
73, 멕시코,"8,981",
74, 그레나다,"8,934",
—,남아메리카 평균,"8,836",
75, 레바논,"8,571",
76, 브라질,"8,528",
77, 중국,"8,109",
—,카리브 제도 평균,"8,005",
78, 가봉,"7,961",
–,중앙 아메리카 평균,"7,932",
79, 세인트루시아,"7,839",
80, 쿠바,"7,657",
81, 도미니카,"7,051",
82, 투르크메니스탄,"6,997",
83, 불가리아,"6,847",
84, 세인트빈센트 그레나딘,"6,739",
85, 몬테네그로,"6,424",
86, 도미니카 공화국,"6,374",
87, 보츠와나,"6,361",
88, 에콰도르,"6,205",
89, 페루,"6,069",
90, 콜롬비아,"6,056",
91, 타이,"5,815",
92, 남아프리카 공화국,"5,773",
93, 벨라루스,"5,751",
94, 리비아,"5,488",
95, 아제르바이잔,"5,439",
96, 세르비아,"5,239",
97, 자메이카,"5,106",
98, 이란,"5,038",
99, 요르단,"4,940",
100, 피지,"4,922",
101, 마케도니아,"4,836",
102, 벨리즈,"4,789",
103, 앙골라,"4,714",
104, 나미비아,"4,674",
105, 이라크,"4,509",
106, 가이아나,"4,279",
107, 보스니아 헤르체고비나,"4,265",
108, 엘살바도르,"4,219",
109, 파라과이,"4,174",
110, 알제리,"4,154",
111, 사모아,"4,006",
112, 알바니아,"3,984",
113, 스리랑카,"3,974",
114, 몽골,"3,973",
115, 과테말라,"3,903",
—,동남아시아 평균,"3,853",
116, 통가,"3,784",
—, 코소보,"3,665",
117, 튀니지,"3,661",
118, 조지아,"3,491",
119, 아르메니아,"3,489",
120, 마셜 제도,"3,453",
121, 이집트,"3,452",
122, 투발루,"3,362",
123, 인도네시아,"3,346",
124, 에스와티니,"3,212",
125, 카보베르데,"3,080",
126, 볼리비아,"3,077",
127, 미크로네시아 연방,"3,015",
128, 모로코,"2,919",
129, 필리핀,"2,904",
130, 파푸아뉴기니,"2,798",
131, 바누아투,"2,783",
132, 팔레스타인,"2,716",
133, 나이지리아,"2,714",
134, 부탄,"2,677",
135, 온두라스,"2,522",
136, 동티모르,"2,425",
137, 우즈베키스탄,"2,308",
138, 니카라과,"2,087",
139, 베트남,"2,068",
140, 우크라이나,"2,022",
141, 수단,"1,977",
142, 지부티,"1,956",
—,아프리카 평균,"1,914",
143, 라오스,"1,850",
144, 솔로몬 제도,"1,842",
145, 콩고,"1,838",
146, 상투메 프린시페,"1,753",
147, 인도,"1,614",
148, 몰도바,"1,591",
149, 시리아,"1,535",
150, 키리바시,"1,443",
151, 코트디부아르,"1,413",
152, 파키스탄,"1,410",
153, 케냐,"1,377",
154, 코모로,"1,369",
155, 가나,"1,356",
156, 잠비아,"1,311",
157, 모리타니,"1,235",
158, 카메룬,"1,217",
159, 방글라데시,"1,208",
160, 미얀마,"1,161",
161, 캄보디아,"1,159",
162, 키르기스스탄,"1,106",
163, 예멘,"1,106",
164, 남수단,"1,067",
165, 레소토,941,
166, 타지키스탄,926,
167, 에리트레아,915,
168, 세네갈,901,
169, 짐바브웨,890,
170, 탄자니아,877,
171, 아이티,794,
172, 베냉,779,
173, 말리,744,
174, 네팔,725,
175, 차드,713,
176, 기니,704,
177, 르완다,697,
178, 시에라리온,695,
179, 조선민주주의인민공화국,648,
180, 우간다,648,
181, 아프가니스탄,623,
182, 부르키나파소,611,
183, 에티오피아,603,
184, 토고,559,
185, 기니비사우,530,
186, 모잠비크,529,
187, 콩고 민주 공화국,486,
188, 감비아,473,
189, 라이베리아,456,
190, 마다가스카르,402,
191, 말라위,373,
192, 니제르,359,
193, 중앙아프리카공화국,333,
194, 부룬디,245,
195, 소말리아,145,
1, 룩셈부르크,"103,187",
2, 스위스,"82,178",
3, 카타르,"78,829",
4, 노르웨이,"76,266",
5, 미국,"55,904",
6, 싱가포르,"53,224",
7, 오스트레일리아,"51,642",
8, 덴마크,"51,424",
9, 아이슬란드,"51,068",
10, 산마리노,"49,139",
11, 스웨덴,"48,966",
12, 아일랜드,"48,940",
13, 네덜란드,"44,333",
14, 영국,"44,118",
15, 캐나다,"43,935",
16, 오스트리아,"43,547",
17, 핀란드,"42,159",
—, 홍콩,"42,097",
18, 독일,"41,267",
19, 벨기에,"40,456",
20, 프랑스,"37,728",
21, 뉴질랜드,"36,963",
22, 이스라엘,"35,702",
23, 아랍에미리트,"35,392",
24, 일본,"32,481",
25, 쿠웨이트,"29,983",
26, 이탈리아,"29,847",
27, 브루나이,"27,759",
28, 대한민국,"27,513",
29, 스페인,"26,327",
30, 바하마,"24,394",
31, 바레인,"23,899",
32, 중화민국,"22,083",
33, 몰타,"21,540",
34, 키프로스,"21,531",
35, 슬로베니아,"20,712",
36, 트리니다드 토바고,"20,380",
37, 사우디아라비아,"20,139",
38, 포르투갈,"18,984",
39, 그리스,"17,657",
40, 에스토니아,"17,425",
41, 체코,"17,330",
42, 우루과이,"16,092",
43, 바베이도스,"15,912",
44, 슬로바키아,"15,893",
45, 오만,"15,672",
46, 세인트키츠 네비스,"14,618",
47, 팔라우,"14,600",
48, 세이셸,"14,466",
49, 앤티가 바부다,"14,391",
50, 리투아니아,"14,318",
51, 라트비아,"13,729",
52, 아르헨티나,"13,428",
53, 칠레,"13,331",
54, 폴란드,"12,662",
55, 적도 기니,"12,541",
56, 헝가리,"12,021",
57, 레바논,"11,945",
58, 파나마,"11,850",
59, 크로아티아,"11,551",
60, 카자흐스탄,"11,028",
61, 코스타리카,"10,672",
62, 말레이시아,"10,073",
—, 세계[23],"10,023",
63, 멕시코,"9,592",
64, 튀르키예,"9,290",
65, 모리셔스,"9,187",
66, 수리남,"9,052",
67, 그레나다,"8,971",
68, 루마니아,"8,807",
69, 브라질,"8,802",
70, 몰디브,"8,714",
71, 가봉,"8,581",
72, 러시아,"8,447",
73, 세인트루시아,"8,410",
74, 중화인민공화국,"8,280",
75, 도미니카 연방,"7,602",
76, 투르크메니스탄,"7,534",
77, 세인트빈센트 그레나딘,"6,959",
78, 아제르바이잔,"6,794",
79, 도미니카 공화국,"6,664",
80, 벨라루스,"6,583",
81, 불가리아,"6,582",
82, 몬테네그로,"6,373",
83, 보츠와나,"6,150",
84, 에콰도르,"6,077",
85, 나미비아,"5,787",
86, 남아프리카 공화국,"5,784",
87, 콜롬비아,"5,687",
88, 페루,"5,638",
89, 요르단,"5,600",
90, 태국,"5,426",
91, 세르비아,"5,102",
92, 피지,"5,086",
93, 이란,"5,048",
94, 자메이카,"4,912",
95, 북마케도니아,"4,867",
96, 벨리즈,"4,842",
97, 리비아,"4,754",
98, 이라크,"4,694",
99, 사모아,"4,481",
100, 알제리,"4,345",
101, 통가,"4,311",
102, 베네수엘라,"4,263",
103, 알바니아,"4,200",
104, 몽골,"4,179",
105, 파라과이,"4,142",
106, 앙골라,"4,062",
107, 보스니아 헤르체고비나,"4,030",
108, 엘살바도르,"4,023",
109, 가이아나,"3,993",
110, 튀니지,"3,985",
111, 코소보,"3,898",
112, 과테말라,"3,886",
113, 에스와티니,"3,848",
114, 스리랑카,"3,768",
115, 조지아,"3,720",
116, 아르메니아,"3,547",
117, 마셜 제도,"3,527",
118, 인도네시아,"3,416",
119, 동티모르,"3,330",
120, 투발루,"3,130",
121, 카보베르데,"3,127",
122, 모로코,"3,077",
123, 필리핀,"2,951",
124, 볼리비아,"2,915",
125, 나이지리아,"2,758",
126, 바누아투,"2,872",
127, 부탄,"2,837",
128, 온두라스,"2,365",
129, 파푸아뉴기니,"2,332",
130, 수단,"2,194",
131, 베트남,"2,171",
132, 우즈베키스탄,"2,130",
133, 우크라이나,"2,109",
134, 콩고 민주 공화국,"2,031",
135, 솔로몬 제도,"2,050",
136, 니카라과,"1,965",
137, 지부티,"1,805",
138, 라오스,"1,785",
139, 몰도바,"1,740",
140, 인도,"1,688",
141, 잠비아,"1,576",
142, 키리바시,"1,443",
143, 케냐,"1,432",
144, 파키스탄,"1,427",
145, 가나,"1,401",
146, 코트디부아르,"1,319",
147, 미얀마,"1,269",
148, 방글라데시,"1,266",
149, 모리타니,"1,262",
150, 예멘,"1,235",
151, 카메룬,"1,234",
152, 키르기스스탄,"1,198",
153, 캄보디아,"1,140",
154, 남수단,"1,083",
155, 레소토,"1,063",
156, 짐바브웨,"1,037",
157, 차드,"1,011",
158, 탄자니아,969,
159, 타지키스탄,949,
160, 세네갈,935,
161, 아이티,830,
162, 네팔,751,
163, 르완다,743,
164, 코모로,737,
165, 베냉,709,
166, 에티오피아,702,
167, 시에라리온,675,
168, 말리,672,
169, 부르키나파소,631,
170, 에리트레아,630,
171, 모잠비크,626,
172, 우간다,625,
173, 아프가니스탄,615,
174, 조선민주주의인민공화국,583,
175, 기니비사우,582,
176, 토고,578,
178, 기니,546,
179, 콩고 민주 공화국,478,
180, 라이베리아,469,
181, 니제르,403,
182, 마다가스카르,393,
183, 감비아,384,
184, 말라위,353,
185, 중앙아프리카 공화국,339,
186, 부룬디,315,
1, 룩셈부르크,"110,665",
2, 노르웨이,"97,363",
—, 마카오,"96,444",
3, 카타르,"93,397",
4, 스위스,"84,733",
5, 오스트레일리아,"61,887",
6, 덴마크,"60,634",
7, 스웨덴,"58,887",
8, 싱가포르,"56,286",
9, 미국,"54,629",
10, 아일랜드,"53,313",
11, 쿠웨이트,"52,197",
12, 아이슬란드,"52,111",
13, 네덜란드,"51,590",
14, 오스트리아,"51,127",
15, 캐나다,"50,271",
16, 핀란드,"49,541",
17, 독일,"47,627",
18, 벨기에,"47,516",
19, 영국,"45,603",
20, 프랑스,"42,736",
21, 아랍에미리트,"42,522",
22, 뉴질랜드,"42,409",
23, 브루나이,"40,776",
—, 홍콩,"40,169",
24, 이스라엘,"37,031",
25, 일본,"36,194",
26, 이탈리아,"34,960",
27, 스페인,"30,262",
—, 푸에르토리코,"28,681",
28, 대한민국,"27,971",
29, 키프로스,"27,194",
30, 사우디아라비아,"25,409",
31, 바레인,"25,198",
32, 슬로베니아,"23,962",
33, 몰타,"22,775",
34, 바하마,"22,245",
35, 포르투갈,"22,080",
36, 그리스,"21,682",
37, 오만,"20,832",
38, 에스토니아,"19,719",
39, 체코,"19,553",
40, 슬로바키아,"18,416",
41, 가이아나,"18,389",
42, 트리니다드 토바고,"18,218",
43, 우루과이,"16,807",
44, 베네수엘라,"16,529",
45, 리투아니아,"16,507",
46, 라트비아,"15,719",
47, 세이셸,"15,543",
48, 세인트키츠 네비스,"15,510",
49, 칠레,"14,520",
52, 폴란드,"14,422",
53, 앤티가 바부다,"13,961",
54, 헝가리,"13,902",
55, 크로아티아,"13,507",
56, 아르헨티나,"12,922",
57, 러시아,"12,735",
58, 카자흐스탄,"12,276",
59, 팔라우,"11,879",
60, 브라질,"11,612",
61, 파나마,"11,770",
62, 말레이시아,"10,829",
63, 튀르키예,"10,542",
64, 멕시코,"10,361",
65, 레바논,"10,139",
66, 가봉,"10,067",
67, 코스타리카,"10,035",
68, 모리셔스,"10,005",
69, 루마니아,"9,996",
70, 수리남,"9,826",
71, 투르크메니스탄,"9,031",
72, 몰디브,"8,624",
73, 그레나다,"8,299",
74, 벨라루스,"8,040",
75, 아제르바이잔,"7,884",
76, 보츠와나,"7,757",
77, 콜롬비아,"7,720",
78, 불가리아,"7,712",
79, 중화인민공화국,"7,594",
80, 도미니카 연방,"7,433",
81, 몬테네그로,"7,370",
82, 세인트루시아,"7,347",
83, 쿠바,"6,848",
84, 세인트빈센트 그레나딘,"6,662",
85, 페루,"6,594",
86, 리비아,"6,575",
87, 남아프리카 공화국,"6,477",
88, 이라크,"6,432",
89, 에콰도르,"6,290",
90, 세르비아,"6,152",
91, 도미니카 공화국,"6,075",
92, 앙골라,"5,935",
93, 나미비아,"5,719",
94, 태국,"5,560",
95, 요르단,"5,422",
96, 북마케도니아,"5,370",
97, 알제리,"5,361",
98, 자메이카,"5,290",
99, 이란,"5,292",
100, 벨리즈,"4,894",
101, 보스니아 헤르체고비나,"4,796",
102, 알바니아,"4,619",
103, 피지,"4,543",
104, 파라과이,"4,479",
105, 튀니지,"4,317",
106, 사모아,"4,173",
107, 몽골,"4,170",
108, 통가,"4,106",
109, 가이아나,"4,017",
110, 투발루,"3,880",
—, 코소보,"3,877",
111, 엘살바도르,"3,826",
112, 카보베르데,"3,715",
113, 과테말라,"3,703",
114, 조지아,"3,670",
115, 아르메니아,"3,646",
116, 마셜 제도,"3,627",
117, 스리랑카,"3,631",
118, 인도네시아,"3,514",
119, 이집트,"3,436",
120, 나이지리아,"3,184",
121, 바누아투,"3,172",
122, 볼리비아,"3,150",
123, 모로코,"3,140",
124, 콩고 민주 공화국,"3,100",
125, 우크라이나,"3,082",
126, 미크로네시아 연방,"3,054",
127, 필리핀,"2,843",
128, 부탄,"2,379",
129, 온두라스,"2,346",
130, 몰도바,"2,233",
131, 파푸아뉴기니,"2,105",
132, 베트남,"2,052",
133, 우즈베키스탄,"2,037",
134, 솔로몬 제도,"2,021",
135, 니카라과,"1,913",
136, 수단,"1,904",
137, 잠비아,"1,801",
138, 지부티,"1,784",
139, 라오스,"1,707",
140, 상투메 프린시페,"1,692",
141, 코트디부아르,"1,646",
142, 키리바시,"1,604",
143, 인도,"1,582",
144, 예멘,"1,473",
145, 가나,"1,461",
146, 카메룬,"1,426",
147, 케냐,"1,337",
148, 파키스탄,"1,333",
149, 모리타니,"1,270",
150, 키르기스스탄,"1,269",
151, 남수단,"1,113",
152, 타지키스탄,"1,099",
153, 방글라데시,"1,096",
154, 캄보디아,"1,084",
155, 차드,"1,053",
156, 세네갈,"1,047",
157, 탄자니아,998,
158, 레소토,995,
159, 짐바브웨,935,
160, 코모로,860,
161, 아이티,832,
162, 베냉,825,
163, 시에라리온,788,
164, 말리,765,
165, 부르키나파소,720,
166, 네팔,698,
167, 우간다,677,
168, 아프가니스탄,666,
169, 토고,646,
170, 르완다,639,
171, 모잠비크,619,
172, 에리트레아,590,
173, 기니비사우,585,
174, 에티오피아,567,
175, 기니,550,
176, 콩고 민주 공화국,475,
177, 라이베리아,461,
178, 마다가스카르,449,
179, 니제르,440,
180, 감비아,422,
181, 중앙아프리카 공화국,378,
182, 부룬디,295,
183, 말라위,253,
1, 모나코,"187,650",
2, 리히텐슈타인,"157,040",
3, 룩셈부르크,"116,560",
4, 카타르,"97,519",
5, 노르웨이,"97,226",
—, 마카오,"96,038",
—, 버뮤다,"89,795",
6, 스위스,"85,374",
7, 오스트레일리아,"62,290",
8, 덴마크,"61,294",
9, 스웨덴,"58,856",
—, 케이맨 제도,"58,808",
10, 산마리노,"58,393",
11, 싱가포르,"55,910",
12, 미국,"54,306",
13, 아일랜드,"53,648",
14, 네덜란드,"52,129",
15, 아이슬란드,"52,048",
16, 오스트리아,"51,296",
17, 캐나다,"50,169",
18, 핀란드,"49,678",
19, 독일,"47,966",
20, 벨기에,"47,348",
21, 영국,"46,461",
22, 안도라,"45,033",
23, 뉴질랜드,"44,189",
24, 아랍에미리트,"43,963",
25, 쿠웨이트,"43,600",
—, 그린란드,"43,430",
26, 프랑스,"42,802",
27, 브루나이,"40,979",
—, 홍콩,"40,252",
—, 누벨칼레도니,"39,392",
28, 이스라엘,"38,261",
29, 일본,"36,298",
30, 이탈리아,"35,812",
—, 영국령 버진아일랜드,"30,501",
31, 스페인,"29,861",
32, 대한민국,"28,166",
—, 푸에르토리코,"28,123",
33, 키프로스,"26,147",
—, 아루바,"25,751",
34, 몰타,"25,222",
35, 바레인,"24,854",
36, 사우디아라비아,"24,362",
37, 슬로베니아,"23,954",
—, 터크스 케이커스 제도,"23,615",
38, 바하마,"22,217",
39, 포르투갈,"22,122",
—, 앵귈라,"21,493",
40, 그리스,"21,414",
41, 트리니다드 토바고,"20,723",
42, 가이아나,"20,382",
43, 에스토니아,"20,122",
—, 프랑스령 폴리네시아,"20,099",
44, 체코,"19,470",
45, 오만,"19,310",
46, 슬로바키아,"18,486",
—, 네덜란드령 안틸레스,"18,360",
47, 나우루,"17,857",
48, 우루과이,"16,807",
49, 베네수엘라,"16,615",
50, 리투아니아,"16,591",
51, 세이셸,"15,759",
52, 라트비아,"15,726",
53, 세인트키츠 네비스,"15,510",
54, 바베이도스,"15,360",
—, 쿡 제도,"15,003",
55, 칠레,"14,528",
56, 폴란드,"14,111",
57, 헝가리,"13,989",
58, 앤티가 바부다,"13,731",
59, 크로아티아,"13,425",
60, 러시아,"12,972",
61, 파나마,"12,712",
62, 아르헨티나,"12,645",
63, 카자흐스탄,"12,436",
—, 몬트세랫,"12,384",
64, 브라질,"11,387",
65, 팔라우,"11,068",
66, 말레이시아,"10,933",
—, 세계,"10,744",
67, 코스타리카,"10,415",
68, 멕시코,"10,326",
69, 가봉,"10,317",
70, 튀르키예,"10,299",
71, 루마니아,"10,129",
72, 모리셔스,"9,945",
73, 수리남,"9,680",
74, 투르크메니스탄,"9,032",
75, 레바논,"8,844",
76, 몰디브,"8,484",
77, 그레나다,"8,313",
78, 벨라루스,"8,014",
79, 콜롬비아,"7,904",
80, 불가리아,"7,876",
81, 아제르바이잔,"7,808",
82, 세인트루시아,"7,655",
83, 중화인민공화국,"7,617",
84, 도미니카 연방,"7,361",
85, 몬테네그로,"7,337",
86, 쿠바,"7,274",
87, 보츠와나,"7,123",
88, 세인트빈센트 그레나딘,"6,669",
89, 리비아,"6,602",
90, 페루,"6,516",
91, 이라크,"6,391",
92, 에콰도르,"6,346",
93, 남아프리카 공화국,"6,223",
94, 도미니카 공화국,"6,147",
95, 세르비아,"6,115",
96, 앙골라,"6,054",
97, 태국,"5,977",
98, 나미비아,"5,589",
99, 알제리,"5,484",
100, 북마케도니아,"5,453",
101, 이란,"5,443",
102, 피지,"5,112",
103, 자메이카,"5,004",
104, 보스니아 헤르체고비나,"4,844",
105, 벨리즈,"4,831",
106, 요르단,"4,831",
107, 파라과이,"4,729",
108, 알바니아,"4,642",
109, 동티모르,"4,294",
110, 사모아,"4,294",
111, 튀니지,"4,261",
—, 코소보,"4,183",
112, 몽골,"4,147",
113, 엘살바도르,"4,120",
114, 통가,"4,112",
115, 조지아,"4,097",
116, 가이아나,"4,040",
117, 마셜 제도,"3,947",
118, 투발루,"3,796",
119, 과테말라,"3,673",
120, 스리랑카,"3,635",
121, 아르메니아,"3,622",
122, 카보베르데,"3,609",
123, 에스와티니,"3,532",
124, 인도네시아,"3,492",
125, 모로코,"3,243",
126, 이집트,"3,151",
127, 바누아투,"3,138",
128, 콩고 민주 공화국,"3,125",
129, 볼리비아,"3,124",
130, 나이지리아,"3,203",
131, 미크로네시아 연방,"2,960",
132, 우크라이나,"2,929",
133, 필리핀,"2,871",
134, 팔레스타인,"2,811",
135, 부탄,"2,569",
136, 온두라스,"2,449",
137, 파푸아뉴기니,"2,221",
138, 우즈베키스탄,"2,139",
139, 수단,"2,081",
140, 베트남,"2,015",
141, 니카라과,"1,963",
142, 몰도바,"1,951",
143, 솔로몬 제도,"1,927",
144, 시리아,"1,821",
145, 지부티,"1,814",
146, 상투메 프린시페,"1,811",
147, 라오스,"1,756",
148, 잠비아,"1,715",
149, 키리바시,"1,632",
150, 인도,"1,586",
151, 코트디부아르,"1,546",
152, 예멘,"1,418",
153, 카메룬,"1,407",
154, 가나,"1,388",
155, 파키스탄,"1,358",
156, 케냐,"1,358",
157, 모리타니,"1,283",
158, 키르기스스탄,"1,267",
159, 미얀마,"1,244",
160, 타지키스탄,"1,114",
161, 캄보디아,"1,095",
162, 방글라데시,"1,088",
163, 세네갈,"1,067",
164, 레소토,986,
165, 짐바브웨,965,
166, 탄자니아,952,
169, 차드,941,
167, 남수단,924,
171, 베냉,903,
168, 코모로,841,
172, 아이티,813,
170, 시에라리온,775,
184, 에리트레아,755,
176, 우간다,727,
173, 부르키나파소,725,
174, 말리,701,
178, 르완다,697,
179, 조선민주주의인민공화국,696,
177, 네팔,692,
182, 기니비사우,672,
175, 아프가니스탄,668,
181, 토고,643,
183, 모잠비크,628,
185, 에티오피아,553,
180, 기니,536,
189, 라이베리아,483,
187, 콩고 민주 공화국,480,
188, 마다가스카르,453,
186, 감비아,441,
190, 니제르,427,
191, 중앙아프리카 공화국,383,
192, 말라위,343,
193, 부룬디,279,
194, 소말리아,131,
